[
  {
    "title": "test2-22 bug",
    "description": "",
    "date": "2025-02-21T19:49:08.333Z",
    "lastModified": "2025-02-21T19:49:08Z",
    "path": "data/md/222-test-bug.md"
  },
  {
    "title": "Accessing the Admin Panel and Managing Resources in GitBase",
    "description": "How to access the admin panel and manage your resource list in GitBase",
    "date": "2024-08-11T13:14:40.737Z",
    "lastModified": "2024-11-06T03:24:55Z",
    "path": "data/md/accessing-admin-managing-resources.md"
  },
  {
    "title": "Configuring Environment Variables for GitBase",
    "description": "How to configure GitBase environment variables",
    "date": "2024-08-11T13:08:05.474Z",
    "lastModified": "2024-08-11T13:08:05Z",
    "path": "data/md/environment-variables.md"
  },
  {
    "title": "Installing and Deploying GitBase: A Step-by-Step Guide",
    "description": "A comprehensive guide for setting up GitBase locally and deploying it to Vercel, suitable for beginners.",
    "date": "2024-08-11",
    "lastModified": "2024-08-11T11:34:30Z",
    "path": "data/md/gitbase-install-guide.md"
  },
  {
    "title": "GitBase: A Dynamic, Database-Free Website Solution",
    "description": "Explore the features and implementation of GitBase, an innovative open-source project that combines Next.js, Tailwind CSS, and GitHub API for content management.",
    "date": "2024-08-11",
    "lastModified": "2024-08-11T11:34:30Z",
    "path": "data/md/gitbase-introduction.md"
  },
  {
    "title": "Contributing to GitBase",
    "description": "Hi, I'm Qiayue, creator of GitBase. I'm excited to welcome you to our project and look forward to your contributions in making GitBase even better!",
    "date": "2024-08-16T03:57:46.153Z",
    "lastModified": "2024-08-16T03:57:46Z",
    "path": "data/md/how-to-contributing-to-gitbase.md"
  },
  {
    "title": "Managing Articles in GitBase Admin Panel",
    "description": "This guide will walk you through the process of viewing, editing, and creating new articles using the admin panel.",
    "date": "2024-08-11T13:16:44.231Z",
    "lastModified": "2024-08-11T13:16:44Z",
    "path": "data/md/managing-articles.md"
  },
  {
    "title": "I Create A Musci Player ",
    "description": "Use Claude",
    "date": "2025-01-09T07:23:18.962Z",
    "lastModified": "2025-01-09T07:23:19Z",
    "path": "data/md/music-player.md"
  },
  {
    "title": "t",
    "description": "t",
    "date": "2025-02-14T03:47:47.308Z",
    "lastModified": "2025-02-14T03:47:47Z",
    "path": "data/md/t.md"
  },
  {
    "title": "tes",
    "description": "test",
    "date": "2025-02-07T05:45:03.574Z",
    "lastModified": "2025-02-07T05:45:03Z",
    "path": "data/md/tes.md"
  },
  {
    "title": "测试",
    "description": "测试",
    "date": "2025-02-20T05:44:48.980Z",
    "lastModified": "2025-02-20T05:44:49Z",
    "path": "data/md/test.md"
  }
]